id,ukprn,latitude,longitude,lighting_cost_current,lighting_cost_potential,heating_cost_current,heating_cost_potential,hot_water_cost_current,hot_water_cost_potential,address,current_energy_rating,tenure
1,10013042979,50.7269574,-3.5119401,41,20,692,593,76,58,"Flat 4, 7, North Avenue",F,
2,100040222222,50.7244459,-3.5355201,39,43,931,483,266,127,"Flat 8 St. Annes Well Brewery, Lower North Street",F,
3,100040221325,50.7114255,-3.5036214,61,61,935,942,300,221,"2, Lilac Road",F,
4,100040241649,50.7146625,-3.4903672,43,24,451,349,299,101,"27, Lansdowne, Woodwater Lane",F,
5,10013039303,50.7268053,-3.5373259,98,55,1237,461,286,75,"13, Russell Terrace",F,
6,100040234513,50.7136138,-3.5214119,41,29,661,475,262,185,"5, St. Bernards Close",F,
7,100041141474,50.7149596,-3.546259,61,61,982,628,367,146,"6, Wardrew Road",F,
8,100041142837,50.7278552,-3.5354616,37,37,561,291,160,160,"Flat 2, 2, Woodbine Terrace",F,
9,10013040284,50.7264127,-3.5240794,86,52,1146,860,156,156,"Flat 13 Sidwell House, Bampfylde Street",F,
10,100041131458,50.7201495,-3.5209152,111,67,2002,1750,101,90,"2, Radnor Place",F,
11,100040208579,50.72174,-3.518955,52,28,763,680,167,167,"Flat 2, 11 College Road",F,
12,100040210100,50.7336328,-3.5200766,78,86,2341,699,328,146,"22, Culverland Close",G,
13,100041141904,50.7215487,-3.5485302,92,50,1108,703,144,144,"Flat 7 Buttermere Court, Windermere Close",F,
14,100040228694,50.7311764,-3.5042115,67,67,1434,1163,100,100,"240, Pinhoe Road",G,
15,100041142450,50.7296122,-3.5393023,99,50,1406,813,161,82,"1 The Coach House The Imperial, New North Road",F,
16,10013040277,50.7264127,-3.5240794,18,19,520,317,212,212,"Flat 5 Sidwell House, Bampfylde Street",F,
17,100041131465,50.7205789,-3.5252218,86,66,1280,306,390,178,"Top Floor Flat, 67 Magdalen Street",F,
18,100040223885,50.7160335,-3.5500483,73,39,1312,484,350,62,"44, Merrivale Road",G,
19,100040206993,50.7267145,-3.5236924,70,32,794,469,115,94,"Flat 2 Cheeke Mews, Cheeke Street",F,
20,100040239559,50.7089174,-3.5400406,25,25,853,681,186,186,"41, Wellington Road",G,
21,100040233904,50.713185,-3.5532405,86,58,1251,986,163,137,"3, Somerset Avenue",F,
22,100040239231,50.7174535,-3.519383,91,59,939,534,573,76,"3, Wayland Avenue",F,
23,100040228684,50.7311047,-3.5048893,82,41,1037,1050,184,184,"220, Pinhoe Road",F,
24,100040209806,50.7165157,-3.5408139,50,28,533,180,466,116,"37a, Cowick Street",F,
25,10013048454,50.7320782,-3.5151375,54,27,598,470,426,172,"Flat 1, 27, Mount Pleasant Road",F,
26,10013050388,50.7205243,-3.5355477,70,35,894,249,198,167,"Flat 3/A, 135, Fore Street",F,
27,100040222221,50.7244459,-3.5355201,39,43,931,483,266,127,"Flat 7 St. Annes Well Brewery, Lower North Street",F,
28,100040226804,50.7309012,-3.5191947,37,41,691,416,132,143,"Flat 2, 21, Old Tiverton Road",F,
29,10013036484,50.7297393,-3.5234647,54,31,984,200,375,63,"7, Clarence Place",G,
30,10013048329,50.7301637,-3.5129785,27,30,701,207,266,118,"Flat 3/B, 3, Pinhoe Road",F,
31,100040212338,50.7318757,-3.5497068,59,35,949,743,87,82,"Flat 1 Eaton House, Exwick Hill",F,
32,100040241261,50.7163573,-3.4998696,59,32,874,884,131,131,"65, Wonford Street",F,
33,100040236470,50.7279701,-3.5417423,42,42,880,505,360,68,"15, Tavistock Road",F,
34,100040239418,50.7161799,-3.5246256,68,41,981,962,97,97,"9, Weirfield Road",F,
35,100041143239,50.7298978,-3.5147554,65,36,1204,305,157,84,"64, Blackboy Road",F,
36,100040236202,50.737074,-3.5182607,110,57,1595,1240,216,144,"16, Sylvan Avenue",F,
37,100040230007,50.7327198,-3.5190551,105,105,1862,1463,146,118,"5, Prospect Park",F,
38,100040222192,50.7242496,-3.5354004,22,24,921,88,221,114,"Flat 3 Bridge House, 17, Lower North Street",F,
39,10091469004,50.7204886,-3.5497986,99,99,1505,1250,330,272,"The Flat, 103, Buddle Lane",F,
40,100040211440,50.711233,-3.5363064,53,53,1104,1104,337,337,"16, Ebrington Road",F,
41,100040203518,50.7293832,-3.5197407,30,16,503,315,123,135,"5a, Blackboy Road",F,
42,100040233272,50.7116247,-3.5090811,59,34,721,759,303,215,"30, Shakespeare Road",F,
43,100040214074,50.7113474,-3.5494121,30,30,733,651,140,95,"22, Franklyn Close",F,
44,100040202668,50.7356967,-3.5002891,57,57,985,985,305,305,"77a, Beacon Lane",F,
45,100041124774,50.7240562,-3.5109682,101,101,2091,2091,194,194,"The Cottage, 9 Mont le Grand",G,
46,100040234428,50.732311,-3.5487576,123,70,1796,679,125,99,"7, St. Andrews Road",F,
47,100040224505,50.7310106,-3.5107811,89,65,1161,849,99,99,"71, Monks Road",F,
48,10013046479,50.729883,-3.5214147,154,77,1624,1221,167,167,"8, St. James Road",F,
49,100040207561,50.7036559,-3.5359736,33,33,1828,487,707,127,"16, Church Road, Alphington",G,
50,100040221046,50.7175054,-3.4931065,102,55,1502,433,504,79,"29, Lethbridge Road",G,
51,100040223062,50.7291368,-3.5117127,99,54,948,753,247,140,"1a, Manston Road",F,
52,100040200615,50.7162488,-3.5358188,39,43,751,413,234,100,"4b, Hampden Place, Alphington Street",G,
53,100040225062,50.730763,-3.513941,131,131,3236,1855,91,91,"109, Mount Pleasant Road",G,
54,100040212340,50.7318757,-3.5497068,40,40,897,693,282,108,"Flat 3 Eaton House, Exwick Hill",F,
55,100040234825,50.7189598,-3.5204234,20,20,514,435,146,88,"Flat 6, 31, St. Leonards Road",F,
56,100041142224,50.7256938,-3.5370486,39,24,665,227,93,93,"3 St. Michaels Mews, Richmond Road",F,
57,100040225220,50.71628,-3.5524787,74,39,861,362,351,63,"40, Myrtle Road",F,
58,100041142709,50.725997,-3.5372427,26,29,756,107,135,149,"Flat 5, 24, Richmond Road",F,
59,100040213779,50.7207904,-3.5351456,32,23,819,222,117,127,"142b, Fore Street",F,
60,100040218472,50.7320297,-3.5529995,42,42,752,598,255,122,"36, Howard Close",F,
61,10013036473,50.7160832,-3.5408705,52,26,746,650,161,161,"Flat 3, 9, Church Road, St. Thomas",F,
63,100040211653,50.7406768,-3.5018656,41,27,984,562,339,239,"26a, Elaine Close",G,
64,100040235376,50.7443928,-3.5170233,36,20,711,497,135,135,"41, Stoke Valley Road",F,
65,10013044036,50.7028301,-3.4964496,126,65,1282,506,319,73,"371, Topsham Road",F,
66,100040230067,50.7330227,-3.5185831,57,28,971,824,213,112,"Flat 6, 49, Prospect Park",G,
67,100040239840,50.7312869,-3.5261647,162,83,2371,799,194,79,"2, West Avenue",F,
69,100040226111,50.7243874,-3.5344981,100,56,1348,1157,132,108,"7, Northernhay Square",F,
70,100040215418,50.7332597,-3.5538337,73,81,1344,562,478,198,"18, Guinness Lane",F,
71,100041142222,50.7256938,-3.5370486,24,24,717,253,93,93,"1 St. Michaels Mews, Richmond Road",F,
72,100040206975,50.70994,-3.5086162,63,46,813,764,416,147,"6, Chaucer Avenue",F,
73,100040207890,50.7267283,-3.5197426,76,50,1258,771,304,133,"8, Chute Street",F,
74,100040208578,50.72174,-3.518955,37,41,1276,256,324,134,"Flat 1, 11 College Road",G,
76,100040207612,50.7029511,-3.5341804,78,47,1243,946,104,104,"69, Church Road, Alphington",F,
77,100040211692,50.7288453,-3.54085,88,69,1506,554,318,80,"12, Eldertree Gardens",F,
78,100041142407,50.7244016,-3.5352894,45,25,538,329,213,101,"Flat 3 The Courtyard, Lower North Street",F,
79,100040225649,50.7090504,-3.5442657,49,45,977,430,144,59,"35, Newhayes Close",F,
80,100040203447,50.7296385,-3.5270464,139,139,2268,1116,317,176,"2, Blackall Road",F,
81,100040223919,50.7171334,-3.5498437,74,74,1162,1162,336,336,"78, Merrivale Road",F,
82,100040207352,50.7075403,-3.5043186,34,34,1042,1187,746,266,"189, Chestnut Avenue",G,
83,100040223910,50.7157873,-3.5489494,48,48,1472,418,420,71,"69, Merrivale Road",G,
84,100040232835,50.7178138,-3.4964029,60,30,466,352,336,113,"75, Salters Road",F,
85,100040226931,50.7299624,-3.5194619,32,35,842,498,151,167,"Flat 1, 113, Old Tiverton Road",F,
86,100041124390,50.7289796,-3.5134363,137,95,1699,953,348,348,"26, Polsloe Road",F,
87,100041143447,50.7347698,-3.5176549,23,15,479,309,127,127,"Flat 2, 100, Union Road",F,
88,100041143038,50.7342132,-3.524531,39,39,1036,471,172,143,"102a, Pennsylvania Road",F,
89,100040205690,50.7147142,-3.4982589,53,29,658,672,136,136,"168, Burnthouse Lane",F,
90,10013040283,50.7264127,-3.5240794,58,58,1168,808,122,122,"Flat 12 Sidwell House, Bampfylde Street",F,
91,10013047058,50.7272979,-3.5251566,52,33,981,555,143,125,"Flat 17 The Hennis Project, King William Street",F,
92,100040217015,50.7228568,-3.5139899,37,37,919,244,82,88,"3 Baring Flats, Heavitree Road",F,
93,100040205924,50.7444063,-3.5152945,35,35,1061,893,614,387,"14, Canberra Close",G,
94,10013039199,50.7285207,-3.5249454,197,100,2852,1093,237,137,2 Queens Crescent,F,
95,100040202677,50.7371061,-3.50049,28,14,292,326,265,175,"82, Beacon Lane",F,
96,100040241046,50.7265089,-3.5503847,82,49,1268,448,302,163,"11a, Winchester Avenue",F,
98,100040204565,50.736322,-3.5068989,62,62,1271,1081,294,294,"3b, Bridespring Road",G,
99,100040203522,50.7295266,-3.5190935,61,69,1194,627,208,235,"12a, Blackboy Road",F,
100,100040202046,50.7172236,-3.5245887,98,107,2348,678,192,101,"7, Barnardo Road",G,
101,10023117227,50.7211325,-3.5207705,63,63,2288,2288,301,301,"Flat, 51, Magdalen Road",G,
102,100040202986,50.7331797,-3.4988057,53,53,942,677,215,159,"6, Bennett Square",F,
103,100040238976,50.711882,-3.5266108,33,33,606,469,237,237,"Flat 18 Gabriels Wharf, Water Lane",F,
104,100041142636,50.7279588,-3.5330562,57,59,1439,938,224,127,"Top Floor Flat, 29 New North Road",F,
105,100040224185,50.7115166,-3.5056215,47,47,866,892,266,209,"50, Milton Road",F,
106,10091471505,50.7104444,-3.5373599,64,64,2861,2076,317,264,"Flat A The Crawford Apartments, Percy Road",G,
107,100040214387,50.7250888,-3.515252,49,53,1032,288,293,136,"6, Gladstone Road",F,
108,100041143267,50.731405,-3.5246949,74,45,879,217,255,135,"Flat B, 4, Powderham Crescent",F,
109,100040210278,50.7306421,-3.5321235,74,74,1296,729,249,195,"64, Danes Road",F,
110,100040214015,50.7321049,-3.5594921,105,53,1390,595,207,130,"5, Foxtor Road",F,
111,100040229293,50.7267954,-3.5174891,62,62,1275,370,206,68,"11, Portland Street",F,
112,100040226956,50.7292245,-3.520189,50,25,609,555,165,113,"2, St. Annes Chapel, Old Tiverton Road",F,
113,100040238325,50.7198476,-3.5136709,36,36,997,553,288,288,"Flat 4, 23, Victoria Park Road",F,
114,100040217992,50.7167459,-3.4983237,55,55,1431,1180,374,278,"81a, Hoker Road",G,
115,100040205377,50.7188434,-3.5483985,68,49,1006,1014,156,156,"106, Buddle Lane",F,
116,100040208785,50.7297337,-3.5093797,84,52,987,520,762,155,"17, Commins Road",F,
117,100040201755,50.7226297,-3.5141667,60,66,1311,687,242,115,"4a, Baring Crescent",G,
118,100040221739,50.7339675,-3.5411598,103,59,1392,839,206,115,"Gilgarran, Lodge Hill",F,
119,100041141871,50.7313929,-3.5562376,73,40,1047,372,257,78,"43, Holne Court, Kinnerton Way",F,
120,100040234213,50.7106263,-3.5070094,40,40,1049,1082,284,212,"4, Spenser Avenue",F,
121,100040234828,50.718833,-3.5204901,150,84,3003,2392,350,247,"33, St. Leonards Road",G,
122,10013045581,50.712973,-3.5380347,66,33,994,863,273,114,"Front Flat First Floor, 37, Queens Road",G,
123,100040242063,50.738177,-3.5157453,79,79,2410,2034,88,88,"4, Yew Tree Close",G,
124,10023117050,50.7372523,-3.5221336,77,51,1302,1070,127,104,"Beech Cottage, Beech Avenue",F,
125,100040212341,50.7318757,-3.5497068,79,59,1477,390,142,105,"4 Eaton House, Exwick Hill",F,
126,100041124079,50.721556,-3.5227175,43,21,459,426,188,184,"Flat 7 Denmark Court, 40, Denmark Road",F,
127,100040233618,50.7280322,-3.521964,38,38,698,698,77,77,"119d, Sidwell Street",F,
128,100040231273,50.7266805,-3.5361058,130,142,3349,1885,390,426,6 Richmond Road,G,
129,100041142223,50.7256938,-3.5370486,24,24,719,256,93,93,"2 St. Michaels Mews, Richmond Road",F,
130,10013046345,50.7215545,-3.5083093,35,17,765,773,132,132,"Flat 2, 12, Salutary Mount, Heavitree",F,
131,10023116838,50.7339261,-3.5589915,107,68,1360,624,304,86,"54, Garland Close",F,
132,100040232082,50.7311853,-3.5160297,73,73,1879,1420,95,95,"44, Rosebery Road",G,
133,10013047053,50.7272979,-3.5251566,43,29,751,378,221,117,"Flat 12 St. Sidwells Court, King William Street",F,
134,10013047059,50.7272979,-3.5251566,43,29,751,378,221,117,"Flat 18 St. Sidwells Court, King William Street",F,
135,10013041781,50.7215373,-3.5053024,26,26,799,460,175,175,"Flat, 51b, Fore Street, Heavitree",F,
136,100040200490,50.7121777,-3.5376404,83,85,1916,1546,444,166,"42, Alphington Road",F,
137,100040232040,50.7319112,-3.5169176,50,46,985,457,71,56,"Flat 2, 2, Rosebery Road",F,
138,100041046106,50.7202533,-3.5301696,57,32,822,516,144,144,58b South Street,F,
139,10013041764,50.7110995,-3.5375626,34,34,893,808,181,123,"87b, Alphington Road",F,
140,100040222790,50.7205688,-3.5253064,41,45,1398,614,292,149,"Ground Floor Flat, 66, Magdalen Street",G,
141,100040220395,50.7231386,-3.5480017,53,53,961,351,192,82,"19, Lakelands Drive",F,
142,100040222690,50.7212454,-3.5189531,46,46,1088,1001,76,76,"First Floor Flat, 83 Magdalen Road",G,
143,10013047065,50.7272979,-3.5251566,52,33,981,555,143,125,"Flat 8 St. Sidwells Court, King William Street",F,
144,100041143306,50.7330784,-3.5219009,136,68,1333,1165,128,104,"28, Springfield Road",F,
145,100040235248,50.7198281,-3.5344625,73,48,1269,832,121,87,"16, Stepcote Hill",F,
146,100040214042,50.7149671,-3.5456926,28,28,806,806,114,114,"2 Hardings Cottages, Francis Close",F,
147,100040225740,50.7176161,-3.5520979,61,61,1124,774,132,69,"55, Newman Road",F,
148,10013041818,50.7243304,-3.5388175,19,21,331,222,316,79,"19a, Haldon Road",F,
149,10013037153,50.7184208,-3.5279425,58,32,746,399,234,115,"Flat 4, 10, Friars Walk",F,
150,100040233070,50.7040912,-3.5011916,109,73,1385,635,345,136,"5, School Lane",F,
151,100040203513,50.7284627,-3.5302954,141,88,1659,624,177,118,"32, Blackall Road",F,
152,10013044200,50.7207618,-3.4990802,40,40,889,314,237,237,"Flat F, 2, Heavitree Park",F,
153,100040220924,50.7376651,-3.5142974,84,42,908,768,86,110,"24, Lebanon Close",F,
154,100040208498,50.7266193,-3.5199629,53,53,777,777,93,93,"37, Codrington Street",F,
155,100041143696,50.730534,-3.5142374,49,49,1232,864,150,100,1a Mount Pleasant Road,F,
156,100040225424,50.7278732,-3.5334076,177,120,2259,2072,183,160,"26, New North Road",F,
157,100040226115,50.7240139,-3.5348543,66,33,798,429,122,122,"Flat 3, 1-2, Northernhay Street",F,
158,100040215522,50.7210666,-3.5536711,53,27,383,357,483,179,"2, Haccombe Close",F,
159,100040209901,50.7170277,-3.5394991,126,63,2038,503,547,342,"3a St. Thomas Court, Cowick Street",G,
160,100041225629,50.720426,-3.5302503,39,39,744,744,142,142,"61a, South Street",F,
161,100040226867,50.7340009,-3.5166733,133,98,2512,1086,251,114,"61, Old Tiverton Road",F,
162,100041133438,50.7160186,-3.5403159,131,70,2235,1873,316,175,"36, Church Road, St. Thomas",G,
163,100041225655,50.7265361,-3.5386489,105,53,1006,219,203,203,"46, St. Davids Hill",F,
164,100040211961,50.7309031,-3.5162898,51,51,1190,797,168,112,"48, Elmside",F,
165,10013046347,50.7215545,-3.5083093,20,20,554,386,324,100,"Flat 3, 12, Salutary Mount, Heavitree",F,
166,100040211970,50.7311279,-3.5156028,109,62,1251,877,139,101,"56, Elmside",F,
167,100040234047,50.7213419,-3.5315085,78,42,1064,277,424,112,"80a, South Street",G,
168,10013038117,50.6996411,-3.5342139,38,24,608,490,112,112,"7, Lockfield Court, Alphington",F,
169,100040208581,50.72174,-3.518955,77,77,1239,1106,364,160,"Flat 4, 11 College Road",F,
170,100040202786,50.7162452,-3.5388218,87,48,1248,424,389,133,"Flat 1, 22, Beaufort Road",G,
171,100040238242,50.7213279,-3.4979882,64,38,1008,739,136,99,"2, Victor Street",F,
172,100040202180,50.7216261,-3.5358813,26,26,624,135,600,113,"Flat 1, 32, Bartholomew Street West",F,
173,10013048585,50.7342189,-3.5165103,59,42,1122,268,178,178,"Flat 7, 56, Old Tiverton Road",F,
174,10013044284,50.7175649,-3.5270775,31,20,639,363,110,119,"Flat 3, 19, Melbourne Street",F,
176,10013040223,50.7295112,-3.5162149,35,35,710,734,156,110,"Flat 1 Fifth Floor Sydenham House, Blackboy Road",F,
177,100041143089,50.7342189,-3.5165103,31,31,653,173,141,141,"Flat 6, 56, Old Tiverton Road",F,
178,100041225507,50.7335749,-3.5169288,53,53,765,312,374,101,"Ground Floor Flat, 71 Old Tiverton Road",F,
179,10013042145,50.7210258,-3.5350258,85,56,1289,292,159,159,"Flat 3/C Angel Pavement, 145-147, Fore Street",F,
180,10013036841,50.7213034,-3.5487204,95,64,2040,568,150,91,"20, Exwick Road",G,
181,100040209883,50.7165248,-3.54148,43,43,2537,2305,108,108,"154a, Cowick Street",G,
182,100040220816,50.7159844,-3.5258234,20,20,578,492,114,114,"Flat 1 Weirfield House, Larkbeare Road",F,
183,100040205571,50.7103261,-3.5051868,40,40,1400,976,453,285,"55, Burnthouse Lane",G,
184,10013050110,50.7312077,-3.5136073,38,21,641,250,201,93,"Flat 2, 8, Thurlow Road",F,
185,100040230506,50.7183477,-3.5245968,41,41,883,676,437,105,"27, Radford Road",F,
186,100040223162,50.7179234,-3.5445291,94,66,1568,655,139,76,"16, Maple Road",F,
187,10013036233,50.7297616,-3.5231395,105,55,1442,1387,121,121,"3, Brook Green Terrace",F,
188,100041124404,50.7246988,-3.52034,20,20,538,538,158,158,"33, Heavitree Road",F,
189,100040203573,50.729938,-3.5144308,173,128,2307,1838,247,177,"60, Blackboy Road",F,
190,100040237519,50.7373819,-3.50142,34,18,531,332,281,204,"10a, Tor Close",F,
191,100041131198,50.7205949,-3.5253781,47,24,809,694,215,103,"20, Pavilion Place",F,
192,100040225061,50.7308164,-3.5139631,137,86,3433,1754,91,91,"108, Mount Pleasant Road",G,
193,10013047035,50.7317623,-3.5152265,78,60,1367,476,186,186,18a Herschell Road,F,
194,100041225505,50.7339556,-3.5167002,61,67,1566,305,195,138,"Top Flat, 62 Old Tiverton Road",F,
195,100040234823,50.7189598,-3.5204234,17,19,444,158,244,92,"Flat 4, 31, St. Leonards Road",F,
196,100040234512,50.7133923,-3.5218438,58,31,746,386,223,117,"4, St. Bernards Close",F,
197,10023117017,50.7331285,-3.5215574,33,16,528,538,137,137,"11b, Springfield Road",F,
198,100040224181,50.7114344,-3.505718,70,41,735,433,353,70,"46, Milton Road",F,
199,100040232034,50.7349489,-3.5163922,62,62,1331,1331,104,104,"Rougemont Cottage, Rosebarn Lane",F,
200,100040211310,50.720684,-3.4970043,45,45,1037,1037,75,75,"22, East Wonford Hill",G,
201,10013047051,50.7272979,-3.5251566,52,33,820,513,143,125,"Flat 10 St. Sidwells Court, King William Street",F,
202,100040242018,50.7371552,-3.5085413,40,40,734,625,119,119,"9c, Wynford Road",F,
203,100040219771,50.7275359,-3.5248384,47,23,735,474,174,100,"Flat 5 King William House, King William Street",F,
204,10013047057,50.7272979,-3.5251566,52,33,1181,588,143,143,"Flat 16 St. Sidwells Court, King William Street",F,
205,100040205846,50.7268325,-3.5366325,47,32,829,598,209,108,"Flat E Pembroke House, 4, Bystock Terrace",F,
206,100040231486,50.7158073,-3.4950782,78,50,1405,387,495,78,"115, Rifford Road",G,
207,10013047063,50.7272979,-3.5251566,55,35,1025,559,146,128,"Flat 6 St. Sidwells Court, King William Street",F,
208,100041123968,50.7233156,-3.5188218,311,160,6758,2482,496,158,"6, Spicer Road",F,
209,100040209289,50.7015265,-3.502016,129,68,1460,1483,195,195,"20, Countess Wear Road",F,
210,100041142406,50.7244016,-3.5352894,33,36,671,394,237,113,"Flat 2 The Courtyard, Lower North Street",F,
211,100040235563,50.7251772,-3.5042601,103,51,582,333,609,83,"43, Stuart Road",F,
212,100040202787,50.7162452,-3.5388218,45,50,751,201,261,116,"Flat 2, 22, Beaufort Road",F,
213,100040235561,50.72515,-3.5042734,61,35,1045,1039,66,66,"41, Stuart Road",F,
214,100040202184,50.7216261,-3.5358813,49,35,634,165,623,123,"Flat 5, 32, Bartholomew Street West",F,
215,10013047056,50.7272979,-3.5251566,52,33,1181,588,143,143,"Flat 15 The Hennis Project, King William Street",F,
216,10013041984,50.7165898,-3.5413263,70,43,1500,584,194,68,"156b, Cowick Street",G,
217,10013043620,50.7278261,-3.5239694,71,38,1436,973,204,204,"7, Acland Terrace",G,
218,100040219954,50.713279,-3.5028592,35,35,673,225,249,85,"2, Kipling Drive",F,
219,10023124523,50.7334059,-3.5207176,45,24,544,408,205,184,37 Culverland Road,F,
220,100040241288,50.7157084,-3.4999763,57,36,834,370,216,70,"110, Wonford Street",F,
221,100040203521,50.7295266,-3.5190935,61,69,1194,627,208,235,"11, Blackboy Road",F,
222,100040213778,50.7207904,-3.5351456,34,39,841,496,146,166,"142a, Fore Street",F,
223,100040241099,50.7221971,-3.5484666,117,58,1074,397,216,95,"15, Windermere Close",F,
224,100040222667,50.7209332,-3.5173705,143,143,2619,2287,147,147,"50, Magdalen Road",G,
225,100040205539,50.7097301,-3.5067682,80,44,995,268,231,119,"32a, Burnthouse Lane",F,
227,100040226523,50.7203911,-3.5483362,91,59,1760,427,422,81,"155, Okehampton Road",G,
228,100040237836,50.7347303,-3.5200555,57,34,854,390,155,62,"66, Union Road",F,
229,10013048727,50.7309583,-3.5244678,36,39,1246,440,134,95,"Garden Flat, 38, Powderham Crescent",F,
230,100040236443,50.7090801,-3.5392953,25,25,404,435,288,192,"5, Taunton Close",F,
231,100041143070,50.7341381,-3.5171879,12,12,621,621,46,46,"Flat 4, 50, Old Tiverton Road",G,
232,100040241252,50.7166505,-3.5001481,36,23,657,666,232,210,"49, Wonford Street",F,
233,100040213450,50.7213373,-3.5058835,69,69,1211,510,298,159,"44a, Fore Street, Heavitree",F,
234,100040228707,50.7313228,-3.5033234,96,57,1290,485,144,70,"266, Pinhoe Road",F,
235,100040226033,50.7251958,-3.506301,71,38,597,637,260,207,"12, North Lawn Court",F,
236,100040224195,50.7114413,-3.50518,51,51,816,841,265,207,"61, Milton Road",F,
238,100040220956,50.704675,-3.5343925,36,36,721,345,111,111,"17, Legion Way",F,
241,100040221761,50.7275881,-3.5270364,53,53,1103,345,229,205,"47a, Longbrook Street",F,
242,100040209815,50.7163763,-3.5411493,40,43,702,394,309,101,"42a, Cowick Street",G,
243,100041225534,50.72889,-3.5134051,151,172,3387,1313,348,397,"28, Polsloe Road",G,
244,100040200612,50.7162849,-3.5358058,30,19,597,339,241,80,"3b, Hampden Place, Alphington Street",F,
245,100040234712,50.7290003,-3.5125301,66,66,2477,2183,116,116,"34, St. Johns Road",G,
246,100040239520,50.7314395,-3.5220603,22,22,641,541,314,102,"8 Bridge Cottages, Well Street",F,
247,100040213861,50.7371089,-3.4981801,53,53,1191,1118,769,305,"7a, Fouracre Close",G,
248,100041143736,50.732227,-3.5147597,48,32,724,216,279,121,"Flat A, 83, Mount Pleasant Road",F,
249,100041142643,50.7264002,-3.536675,28,32,582,324,134,150,"Flat 3, 13, Richmond Road",F,
250,10013049452,50.7287024,-3.513314,28,30,459,282,116,126,"Flat 2, 32, Polsloe Road",F,
251,100040208657,50.7173534,-3.5270436,49,27,1021,1026,52,52,"6, Colleton Row",F,
253,100040213899,50.740331,-3.4930814,77,39,842,467,163,125,"9, Fox Road",F,
254,100040209801,50.7167198,-3.5403389,92,51,1502,468,172,190,"30a, Cowick Street",G,
255,100040220817,50.7159844,-3.5258234,21,21,679,576,100,100,"Flat 2 Weirfield House, Larkbeare Road",F,
256,100040240865,50.7321506,-3.5233871,26,29,293,170,721,118,"4, Willow Walk",F,
257,100040233649,50.7270009,-3.5238009,35,38,1146,619,216,108,"152c, Sidwell Street",G,
258,100040234027,50.7212079,-3.5307532,64,44,1140,843,99,99,"28b, South Street",F,
259,10013044139,50.7215373,-3.5053024,38,24,862,456,190,106,"Flat, 51a, Fore Street, Heavitree",F,
260,100040234249,50.723623,-3.5193842,186,95,2655,1177,336,127,"5, Spicer Road",F,
261,10013047128,50.7244016,-3.5352894,89,50,1007,468,321,136,"Flat 4/A The Courtyard, Lower North Street",F,
262,100041132049,50.7204513,-3.5108523,87,48,969,647,387,291,"12 Francis Court, Barrack Road",F,
263,100040226802,50.7307919,-3.5193045,169,100,3806,1016,304,139,"20, Old Tiverton Road",F,
264,10013047052,50.7272979,-3.5251566,52,33,981,555,143,125,"Flat 11 The Hennis Project, King William Street",F,
266,100040222194,50.7242565,-3.5354591,42,22,569,450,259,103,"Flat 5 Bridge House, 17, Lower North Street",F,
268,100040234522,50.7246298,-3.5365746,40,40,1111,385,262,84,"1, St. Davids Hill",F,
269,100040219720,50.7199818,-3.5330366,30,30,814,342,231,113,"13, King Street",F,
271,100040237804,50.7341446,-3.5208301,115,77,1641,1177,136,113,"37, Union Road",F,
272,100040232926,50.7254831,-3.5174325,90,56,1039,426,371,70,"40, Sandford Walk",F,
273,100041143194,50.7338117,-3.5215279,21,21,959,888,50,50,"50, Culverland Road",G,
274,100040218940,50.7151535,-3.5343098,23,23,932,751,254,254,"53, Isca Road",G,
275,100040210670,50.7239507,-3.5369207,158,79,1533,1235,176,127,"11, Dinham Road",F,
276,100040200124,50.7271189,-3.5188881,25,27,396,248,244,92,"3, Albert Street",F,
277,100040220745,50.7183495,-3.5265235,214,107,2040,1495,250,166,"1, Lansdowne Terrace",F,
278,10013046344,50.7215545,-3.5083093,16,16,646,646,228,228,"Flat 1, 12, Salutary Mount, Heavitree",F,
279,10013041936,50.72198,-3.5349578,167,106,3456,1178,255,119,"21b, The Mint",F,
280,100040203551,50.7300753,-3.5156255,65,35,761,650,280,202,"49a, Blackboy Road",F,
281,100040229217,50.7259141,-3.5126433,25,29,737,435,166,188,"56c, Polsloe Road",F,
282,100040232751,50.708904,-3.5156789,50,50,766,371,744,158,"Flat 23 Old Abbey Court, Salmon Pool Lane",F,
283,100040209099,50.7020231,-3.5390783,41,24,408,158,274,97,"52, Cornmill Crescent",F,
284,10023117784,50.7251469,-3.5335221,50,56,1204,230,270,138,"Flat 11, 21, Northernhay Street",F,
285,10013048136,50.7216174,-3.5059617,119,71,2275,593,342,162,"Flat, 43a, Fore Street, Heavitree",G,
286,100040212244,50.7021191,-3.4999957,115,68,1558,1011,265,265,"46, Exe Vale Road",F,
287,100041142708,50.725997,-3.5372427,19,21,585,367,106,116,"Flat 4, 24, Richmond Road",F,
288,100040209807,50.7165157,-3.5408139,60,30,936,872,458,187,"37b, Cowick Street",G,
289,100040241115,50.7209955,-3.5482003,77,38,1045,444,122,122,"Flat 8 Rydal Mews, Windermere Close",F,
290,100041124522,50.7281165,-3.5147971,36,38,918,423,260,89,"Flat 5, 12, Clifton Hill",F,
291,100040229129,50.7301058,-3.5139686,91,46,849,876,296,296,"Flat, 1, Polsloe Road",F,
292,10013041923,50.7202883,-3.5302416,21,24,1071,594,125,140,"61c, South Street",G,
295,100040225195,50.715341,-3.5520794,48,48,736,744,411,251,"15, Myrtle Road",F,
296,100041142405,50.7244016,-3.5352894,34,37,681,398,249,119,"Flat 1 The Courtyard, Lower North Street",F,
297,10013041825,50.7249042,-3.5211401,29,16,806,249,123,135,"11a, Heavitree Road",G,
298,100040220983,50.7158055,-3.5154058,53,54,1236,505,203,71,"4, Leighdene Close",F,
299,10013047678,50.7214717,-3.5346295,28,28,1092,934,191,104,"8 Mint Court, The Mint",G,
300,10013038617,50.7271694,-3.5287939,24,27,728,408,223,95,"Front Flat Ground Floor, 39, New North Road",G,
301,100041124679,50.7213482,-3.5061776,67,45,801,393,142,142,"36a, Fore Street, Heavitree",F,
302,100040224490,50.7312116,-3.5112269,122,64,887,683,301,301,"56, Monks Road",F,
304,100041133514,50.7162452,-3.5388218,39,39,1167,469,240,240,"Second Floor Flat, 22, Beaufort Road",F,
305,10013048830,50.7263815,-3.5367311,26,29,978,601,230,97,"Flat 3, 14, Richmond Road",G,
307,100040220203,50.7105109,-3.503408,51,51,808,832,265,207,"46, Laburnum Road",F,
308,100040206430,50.7411302,-3.4924691,89,49,1273,379,198,85,"11, Central Avenue",F,
309,100040221753,50.726347,-3.5270385,84,49,1156,885,273,143,"34a, Longbrook Street",F,
310,100040234822,50.7189598,-3.5204234,30,18,655,231,98,98,"Flat 3, 31, St. Leonards Road",F,
311,100041133501,50.7161664,-3.5407033,52,26,906,945,306,237,"Flat 1, 11, Church Road, St. Thomas",G,
313,100041131567,50.7200269,-3.5192821,65,35,409,419,473,117,"Basement Flat, 17, St. Leonards Road",F,
314,10023116970,50.7203823,-3.5358752,32,33,811,382,107,85,"68a, Bartholomew Street West",F,
316,10013038540,50.7236974,-3.5390801,84,45,896,435,532,82,"5, Mount Dinham",F,
317,100040222685,50.7214776,-3.5121603,173,178,6875,2215,405,87,"78, Magdalen Road",G,
318,100040212403,50.7234393,-3.5490601,47,47,1131,899,169,124,"73, Exwick Road",F,
319,100040209880,50.7164508,-3.5415328,33,33,1100,1054,349,198,"151a, Cowick Street",G,
320,100040211312,50.7206755,-3.4969616,54,54,1402,1402,82,82,"24, East Wonford Hill",G,
321,10023116960,50.7164252,-3.5401735,17,17,809,809,67,67,"Flat 2, 15, Church Road, St. Thomas",F,
322,100041142408,50.7244016,-3.5352894,57,31,610,369,233,111,"Flat 4 The Courtyard, Lower North Street",F,
323,100041133463,50.7143926,-3.5381378,70,45,1357,240,350,115,"Flat 12 Adelaide Court, Queens Road",G,
324,10013041459,50.7318381,-3.5410049,170,94,2318,1304,228,165,"Toad Hall, Taddyforde Estate",F,
325,100041143776,50.7304522,-3.5138086,35,24,522,350,183,98,"24 Watermore Court, Pinhoe Road",F,
326,100040234524,50.7244558,-3.5368097,105,53,1094,874,358,104,"3, St. Davids Hill",F,
327,10023116971,50.7204425,-3.5356515,81,52,1041,579,137,83,"68c, Bartholomew Street West",F,
328,100040236355,50.7322046,-3.5425332,63,34,934,794,274,214,8 Taddyforde Court Mansions,G,
330,10013041788,50.721508,-3.5050231,75,44,1140,791,300,129,"59a, Fore Street, Heavitree",G,
331,100040220819,50.7159844,-3.5258234,35,35,1052,877,137,137,"Flat 4 Weirfield House, Larkbeare Road",G,
332,100040205497,50.7124061,-3.5084688,62,39,820,414,670,66,"16, Burns Avenue",F,
333,10013041628,50.7150154,-3.5467991,63,32,1292,868,226,113,"98a, Cowick Street",G,
334,100040204686,50.7190114,-3.4892727,54,27,653,618,191,191,"12, Britten Drive",F,
335,100040207551,50.704024,-3.5373877,85,42,927,520,143,143,"4, Church Road, Alphington",F,
337,100041143715,50.7317846,-3.5107352,66,66,1633,968,241,150,"11, Morley Road",F,
339,100040213884,50.7369334,-3.4992374,86,46,984,492,220,128,"27, Fouracre Close",F,
340,100040236239,50.7363115,-3.5181085,95,66,1397,928,189,147,"28, Sylvan Road",F,
341,10013047055,50.7272979,-3.5251566,55,35,1042,621,155,155,"Flat 14 St. Sidwells Court, King William Street",F,
342,100040207893,50.7268523,-3.5200272,32,36,1037,530,364,124,"11, Chute Street",G,
343,100040218544,50.7289214,-3.5302962,106,72,1647,1175,285,285,"77, Howell Road",G,
344,100040200623,50.7161233,-3.5357864,35,38,886,525,338,78,"6c, Hampden Place, Alphington Street",G,
347,10013049453,50.7287024,-3.513314,23,23,790,366,126,126,"Flat 3, 32, Polsloe Road",G,
348,100040226930,50.7299988,-3.5194347,144,96,1928,1669,164,133,"112, Old Tiverton Road",F,
349,100040234505,50.7297384,-3.5117887,102,51,1113,840,294,112,"57, St. Annes Road",F,
350,100040219649,50.7374212,-3.5452272,24,24,888,832,250,250,"57, King Edward Street",G,
351,10013047838,50.7295009,-3.5189935,101,51,1239,816,153,102,"13a, Blackboy Road",F,
352,100040236851,50.7252409,-3.4916097,62,39,1013,469,280,107,"44, Thornpark Rise",F,
353,100040213881,50.7367539,-3.4992033,73,39,1148,1167,295,295,"25, Fouracre Close",G,
354,100040234374,50.7334251,-3.5222097,76,49,1510,451,83,52,"48, Springfield Road",F,
355,100040203771,50.7271085,-3.4911448,54,59,878,483,446,80,"4, Bodley Close",F,
356,10013047443,50.7214717,-3.5346295,66,33,1048,884,213,119,"5 Mint Court, The Mint",G,
357,100040212999,50.7340967,-3.5564831,57,29,665,228,228,58,"207, Farm Hill",F,
358,100040200455,50.7241588,-3.5051201,113,57,1388,1013,292,153,"15, Alpha Street",F,
359,100040203862,50.7261087,-3.5403635,88,46,1087,979,113,95,"47, Bonhay Road",F,
360,100040233641,50.7272671,-3.5233845,55,55,990,488,319,109,"144a, Sidwell Street",F,
361,100040226319,50.7187548,-3.5421906,49,36,573,504,319,217,"25, Oakfield Road",F,
362,100041143037,50.731136,-3.5253238,38,22,701,445,64,64,"Second Floor Flat, 48 Powderham Crescent",F,
363,100040210462,50.7237271,-3.5210594,69,52,1341,779,240,131,"23, Denmark Road",F,
364,10013040288,50.7264127,-3.5240794,32,32,875,677,106,106,"Flat 7 Sidwell House, Bampfylde Street",F,
365,100040210568,50.7322505,-3.5226251,158,88,2264,1725,250,142,"20, Devonshire Place",F,
367,100040203935,50.7216695,-3.5394104,64,73,1344,807,390,135,"19 Eagle Cottages, Bonhay Road",G,
368,100040225138,50.7284759,-3.5272353,66,47,1058,827,126,88,"14, Mowbray Avenue",F,
369,100040211916,50.7362678,-3.5207713,62,33,846,435,164,100,"3, Elmdon Close",F,
370,100040207728,50.7151743,-3.5415915,41,41,873,266,178,178,"52, Church Road, St. Thomas",F,
371,100041131505,50.7205688,-3.5253064,27,31,798,388,196,138,"First Floor Flat, 66, Magdalen Street",F,
372,100041124746,50.7285104,-3.5187267,41,41,754,446,122,105,"Flat 11, Cleveland Court, Grosvenor Place",F,
373,100040229642,50.7194331,-3.5193054,53,26,542,361,203,116,"14, Premier Place",F,
374,100041143656,50.7302443,-3.514384,91,46,948,406,292,137,"Top Flat, 58a Blackboy Road",F,
375,100040204937,50.7116461,-3.5519715,62,62,808,282,292,111,"109, Broadway",F,
376,100040241112,50.7209955,-3.5482003,25,25,657,527,102,102,"Flat 5 Rydal Mews, Windermere Close",F,
378,100040209844,50.7150486,-3.5470127,59,39,1039,710,268,268,"95a, Cowick Street",F,
379,100040205213,50.7186949,-3.544002,67,35,778,771,336,268,"18, Brunswick Street",F,
380,100040219767,50.7275359,-3.5248384,35,23,539,323,186,168,"Flat 1 King William House, King William Street",F,
383,10013047066,50.7272979,-3.5251566,29,16,580,511,129,95,"Flat 9 The Hennis Project, King William Street",F,
384,10013041998,50.7207904,-3.5351456,33,37,1187,722,141,158,"142d, Fore Street",G,
385,100040241227,50.7178137,-3.5013044,33,33,790,730,66,66,"21, Wonford Street",F,
386,100040224813,50.7237751,-3.5104492,296,156,3357,2672,232,167,"8, Mont le Grand",F,
387,100040206992,50.7267145,-3.5236924,49,27,969,393,137,90,"Flat 1 Cheeke Mews, Cheeke Street",F,
388,10023117520,50.7261025,-3.5387906,24,24,555,474,177,95,"Flat 5, 8, Palace Gate",F,
389,100040229509,50.7314797,-3.5244847,22,24,436,255,112,122,"Flat 5, 5, Powderham Crescent",F,
390,100041132001,50.7202892,-3.5205514,27,27,794,622,181,93,"Flat 3 Robartes Court, Radnor Place",F,
391,100041143856,50.731158,-3.5146685,57,29,410,533,409,117,"Top Floor Flat, 11, Mount Pleasant Road",F,
392,100040211971,50.7312022,-3.515421,76,55,1207,985,171,136,"57, Elmside",F,
393,100040231316,50.7260879,-3.537855,22,22,668,691,308,207,"Flat 3, 32, Richmond Road",F,
394,100040237710,50.7155118,-3.4970803,79,51,942,403,698,176,"2, Tuckfield Close",F,
395,10023119770,50.721084,-3.5211691,87,99,1808,659,332,156,"46, Spicer Road",G,
396,100040230847,50.7216441,-3.5041611,51,51,1216,443,133,54,"24, Regent Square, Heavitree",F,
397,100040200456,50.7242262,-3.5054765,43,43,904,874,366,106,"16, Alpha Street",F,
398,100040241169,50.7198438,-3.5215995,178,89,1666,1181,303,171,"24, Wonford Road",F,
399,100040205484,50.7121072,-3.5079351,71,42,1204,300,469,65,"3, Burns Avenue",G,
400,100041131855,50.7199032,-3.523939,54,33,789,602,290,119,"Flat 9 Ernsborough Court, Fairpark Road",F,
401,100040213852,50.7376032,-3.4989045,64,41,723,758,309,226,"2, Fouracre Close",F,
402,10013040225,50.7295112,-3.5162149,38,43,596,197,277,119,"2.1 Sydenham House, Blackboy Road",F,
403,100040234565,50.7259849,-3.5381633,89,60,1430,840,223,124,"28a, St. Davids Hill",F,
404,100041143220,50.7292241,-3.5222861,87,43,1124,364,192,116,"46, Oxford Road",F,
407,100040236827,50.725677,-3.4919636,66,72,1050,534,370,95,"20, Thornpark Rise",F,
408,100041143731,50.7312045,-3.5146796,28,28,1221,1221,123,123,"First Floor Flat, 12 Mount Pleasant Road",G,
409,100041124075,50.721556,-3.5227175,28,28,841,639,390,97,"Flat 3 Denmark Court, 40, Denmark Road",F,
410,100040225412,50.7277749,-3.534042,31,31,1024,1024,88,88,"19a, New North Road",F,
411,10013047064,50.7272979,-3.5251566,43,29,751,378,221,117,"Flat 7 The Hennis Project, King William Street",F,
412,10013046873,50.7295112,-3.5162149,53,60,1204,644,248,114,"6.1 Sydenham House, Blackboy Road",G,
413,100040200917,50.7232917,-3.5234114,92,92,1465,1293,336,336,"4, Archibald Road",F,
414,100040225360,50.7199169,-3.5357609,26,26,510,510,120,120,"Ground Floor Flat, 4 New Bridge Street",F,
415,10013048127,50.7211022,-3.534683,38,38,689,588,244,127,"150a, Fore Street",F,
416,10013047054,50.7272979,-3.5251566,43,29,751,378,221,117,"Flat 13 The Hennis Project, King William Street",F,
417,100041143829,50.7304495,-3.5131295,46,26,479,232,397,87,"Top Floor Flat, 6, Pinhoe Road",F,
419,100040233286,50.7119845,-3.5090785,40,40,748,748,161,161,"44, Shakespeare Road",F,
422,10013039521,50.721833,-3.5320551,51,58,1421,682,242,125,"Flat A, 91 South Street",F,
424,100040200374,50.729653,-3.4904888,15,15,538,538,167,167,"10, Alford Crescent",F,
425,100040220996,50.7283418,-3.5244254,122,85,1835,1215,188,136,"2, Leighton Terrace",F,
426,100040214020,50.732374,-3.5595435,90,54,1339,489,299,74,"10, Foxtor Road",F,
427,100040226050,50.725187,-3.5069808,36,36,903,922,316,266,"20a, North Lawn Court",F,
430,100040210479,50.7212901,-3.5217314,64,40,995,541,96,58,"47, Denmark Road",F,
431,10013038705,50.7251469,-3.5335221,27,27,738,649,305,94,"Flat 2, 21, Northernhay Street",F,
432,100040224939,50.7306148,-3.5142542,22,25,469,285,305,107,"2b, Mount Pleasant Road",F,
433,100041143883,50.7310901,-3.5025366,56,40,1134,910,140,111,"Flat, 183, Pinhoe Road",F,
434,100040226696,50.7276299,-3.5272786,52,52,1175,936,132,105,"1, Old Park Road",F,
436,100040225242,50.7165085,-3.552203,58,58,1039,360,421,66,"79, Myrtle Road",F,
437,100040240873,50.7319681,-3.5228993,21,24,368,223,354,100,"12, Willow Walk",F,
438,10023124522,50.7334059,-3.5207176,40,24,540,405,205,184,35 Culverland Road,F,
439,100040227539,50.7289688,-3.5094118,63,63,940,940,237,237,"114, Park Road",F,
440,100040228506,50.7305552,-3.5119142,116,61,1374,1087,214,151,"36, Pinhoe Road",F,
441,100041142838,50.729119,-3.5303168,63,31,639,674,268,191,"First Floor Flat, 2, Hoopern Street",F,
442,100041143859,50.7315603,-3.5148515,21,24,730,287,218,92,"Ground Floor Front, 16, Mount Pleasant Road",G,
444,10013041884,50.7231449,-3.5339191,54,28,694,598,121,121,"18c, North Street",F,
445,100040230874,50.7219913,-3.5037331,55,55,890,771,313,131,"52, Regent Square, Heavitree",F,
446,100040202185,50.7215804,-3.5359365,24,27,671,108,243,110,"Flat 1, 34, Bartholomew Street West",F,
447,100040200618,50.716204,-3.5358032,17,18,400,238,186,79,"5b, Hampden Place, Alphington Street",F,
448,10013050695,50.7286249,-3.518316,60,32,721,629,239,116,"Flat 1, Cleveland Gardens, Grosvenor Place",F,
449,100040204545,50.7118816,-3.5017238,48,48,1058,768,310,224,"169, Briar Crescent",F,
450,100040226915,50.7306175,-3.5188879,68,68,1003,919,631,366,"97, Old Tiverton Road",F,
451,100040215861,50.7278624,-3.5010731,33,33,373,453,598,307,"26a, Hamlin Gardens",F,
